employee_id,full_name,role,team_id,hire_date,salary,seniority,email
1,Lina Ben Ali,Backend Dev,1,1/31/2021,1857,engineer,lina1@company.com
2,Karim Ben Hassen,QA Engineer,2,2/12/2024,1951,technician,karim2@company.com
3,Hichem Trabelsi,Frontend Dev,3,5/3/2018,1855,technician,hichem3@company.com
4,Youssef Gharbi,DevOps Engineer,4,10/1/2024,1943,technician,youssef4@company.com
5,Salma Mokni,Mobile Dev,5,9/15/2022,1914,project_manager,salma5@company.com
6,Yassine Kallel,Project Manager,6,1/27/2018,1978,technician,yassine6@company.com
7,Hichem Saidi,Support,7,2/12/2021,1855,engineer,hichem7@company.com
8,Farah Ben Hassen,Data Scientist,8,1/15/2019,2049,engineer,farah8@company.com
9,Tarek Khaldi,Security Engineer,9,10/8/2024,2022,project_manager,tarek9@company.com
10,Marwa Mokni,UI/UX Designer,10,5/27/2019,2040,project_manager,marwa10@company.com
11,Noor Belhaj,Backend Dev,1,1/18/2025,2392,technician,noor11@company.com
12,Yassine Fakhri,QA Engineer,2,10/12/2018,1969,engineer,yassine12@company.com
13,Youssef Belhaj,Frontend Dev,3,11/23/2018,1825,technician,youssef13@company.com
14,Amina Kallel,DevOps Engineer,4,2/1/2023,2393,technician,amina14@company.com
15,Hassan Khaldi,Mobile Dev,5,12/26/2021,1971,project_manager,hassan15@company.com
16,Samia Khir,Project Manager,6,10/31/2024,2343,secretaire,samia16@company.com
17,Noor Rezig,Support,7,11/1/2019,2194,engineer,noor17@company.com
18,Samia Mokni,Data Scientist,8,6/18/2020,2383,engineer,samia18@company.com
19,Sara Rezig,Security Engineer,9,5/12/2018,2205,technician,sara19@company.com
20,Samia Khir,UI/UX Designer,10,5/14/2020,2483,secretaire,samia20@company.com
21,Farah Fakhri,Backend Dev,1,5/8/2025,2202,technician,farah21@company.com
22,Marwa Mansour,QA Engineer,2,12/20/2020,1863,technician,marwa22@company.com
23,Noor Mokni,Frontend Dev,3,12/12/2020,2449,secretaire,noor23@company.com
24,Hichem Ayadi,DevOps Engineer,4,6/24/2022,2112,project_manager,hichem24@company.com
25,Karim Gharbi,Mobile Dev,5,7/15/2023,1993,manager_team,karim25@company.com
26,Sara Ben Hassen,Project Manager,6,9/19/2019,2340,project_manager,sara26@company.com
27,Hichem Zribi,Support,7,9/18/2018,2195,technician,hichem27@company.com
28,Sonia Bouazizi,Data Scientist,8,12/8/2023,2283,manager_team,sonia28@company.com
29,Ahmed Ben Hassen,Security Engineer,9,1/9/2024,2174,secretaire,ahmed29@company.com
30,Lina Belhaj,UI/UX Designer,10,11/16/2022,1916,secretaire,lina30@company.com
31,Ahmed Kallel,Backend Dev,1,8/13/2023,1929,technician,ahmed31@company.com
32,Lina Belhaj,QA Engineer,2,3/2/2025,2455,technician,lina32@company.com
33,Salma Mansour,Frontend Dev,3,3/12/2022,1938,engineer,salma33@company.com
34,Anis Ben Ali,DevOps Engineer,4,9/19/2024,2250,engineer,anis34@company.com
35,Ahmed Ben Hassen,Mobile Dev,5,1/26/2022,2122,technician,ahmed35@company.com
36,Sara Rezig,Project Manager,6,5/12/2024,1821,engineer,sara36@company.com
37,Rami Khir,Support,7,12/22/2023,1832,engineer,rami37@company.com
38,Rami Mokni,Data Scientist,8,11/8/2019,2270,technician,rami38@company.com
39,Sonia Hamdi,Security Engineer,9,5/17/2020,2493,manager_team,sonia39@company.com
40,Salma Belhaj,UI/UX Designer,10,6/23/2022,2466,manager_team,salma40@company.com
41,Tarek Bouazizi,Backend Dev,1,10/21/2023,2061,secretaire,tarek41@company.com
42,Youssef Rezig,QA Engineer,2,9/20/2018,2010,technician,youssef42@company.com
43,Yassine Mokni,Frontend Dev,3,7/31/2020,2356,engineer,yassine43@company.com
44,Ahmed Khir,DevOps Engineer,4,1/28/2025,1858,technician,ahmed44@company.com
45,Mohamed Trabelsi,Mobile Dev,5,9/15/2021,1931,project_manager,mohamed45@company.com
46,Youssef Kallel,Project Manager,6,6/12/2023,1938,engineer,youssef46@company.com
47,Karim Ayadi,Support,7,6/18/2024,2124,manager_team,karim47@company.com
48,Rami Hamdi,Data Scientist,8,2/19/2020,1824,secretaire,rami48@company.com
49,Hichem Khaldi,Security Engineer,9,10/1/2022,2239,manager_team,hichem49@company.com
50,Sara Ben Hassen,UI/UX Designer,10,9/6/2018,2173,secretaire,sara50@company.com
51,Lina Rezig,Backend Dev,1,2/24/2020,1937,manager_team,lina51@company.com
52,Marwa Mansour,QA Engineer,2,9/25/2022,1871,technician,marwa52@company.com
53,Marwa Rezig,Frontend Dev,3,11/5/2018,2281,technician,marwa53@company.com
54,Lina Trabelsi,DevOps Engineer,4,4/25/2025,2303,technician,lina54@company.com
55,Mohamed Rezig,Mobile Dev,5,11/13/2019,2248,secretaire,mohamed55@company.com
56,Rami Fakhri,Project Manager,6,7/1/2022,1842,technician,rami56@company.com
57,Amina Ben Ali,Support,7,5/19/2022,2232,engineer,amina57@company.com
58,Nadir Hamdi,Data Scientist,8,3/26/2024,2483,engineer,nadir58@company.com
59,Rami Mansour,Security Engineer,9,2/17/2020,2111,technician,rami59@company.com
60,Sara Ayadi,UI/UX Designer,10,1/30/2024,1991,technician,sara60@company.com
61,Farah Trabelsi,Backend Dev,1,7/25/2018,2422,technician,farah61@company.com
62,Anis Gharbi,QA Engineer,2,10/7/2019,1930,secretaire,anis62@company.com
63,Mohamed Jaziri,Frontend Dev,3,10/8/2018,2317,engineer,mohamed63@company.com
64,Youssef Jelassi,DevOps Engineer,4,5/7/2019,2363,secretaire,youssef64@company.com
65,Yassine Zribi,Mobile Dev,5,6/12/2018,2320,secretaire,yassine65@company.com
66,Hichem Ayadi,Project Manager,6,5/4/2024,2380,technician,hichem66@company.com
67,Samia Fakhri,Support,7,7/10/2021,1867,secretaire,samia67@company.com
68,Amina Mansour,Data Scientist,8,3/28/2025,2234,engineer,amina68@company.com
69,Farah Khir,Security Engineer,9,2/8/2018,2288,secretaire,farah69@company.com
70,Lina Khir,UI/UX Designer,10,1/12/2024,1929,engineer,lina70@company.com
71,Samia Mansour,Backend Dev,1,11/30/2021,1862,technician,samia71@company.com
72,Tarek Belhaj,QA Engineer,2,10/9/2019,2278,secretaire,tarek72@company.com
73,Nadir Zribi,Frontend Dev,3,5/2/2025,2302,engineer,nadir73@company.com
74,Noor Belhaj,DevOps Engineer,4,3/1/2019,1867,engineer,noor74@company.com
75,Lina Ben Hassen,Mobile Dev,5,3/16/2024,1869,engineer,lina75@company.com
76,Nadir Zribi,Project Manager,6,5/12/2020,2387,engineer,nadir76@company.com
77,Salma Kallel,Support,7,9/2/2023,2128,technician,salma77@company.com
78,Sara Khir,Data Scientist,8,2/11/2025,2141,technician,sara78@company.com
79,Sara Ben Ali,Security Engineer,9,9/28/2021,1963,secretaire,sara79@company.com
80,Samia Jaziri,UI/UX Designer,10,12/15/2022,2480,secretaire,samia80@company.com
81,Hichem Mokni,Backend Dev,1,2/9/2018,1819,secretaire,hichem81@company.com
82,Karim Mokni,QA Engineer,2,5/28/2018,2298,engineer,karim82@company.com
83,Noor Mansour,Frontend Dev,3,10/27/2022,1810,technician,noor83@company.com
84,Nadir Khaldi,DevOps Engineer,4,6/13/2018,2107,manager_team,nadir84@company.com
85,Youssef Ben Hassen,Mobile Dev,5,12/19/2021,2404,technician,youssef85@company.com
86,Sonia Mansour,Project Manager,6,8/27/2020,1845,technician,sonia86@company.com
87,Hichem Ben Ali,Support,7,1/5/2020,2385,technician,hichem87@company.com
88,Hichem Rezig,Data Scientist,8,12/28/2020,1979,secretaire,hichem88@company.com
89,Lina Jelassi,Security Engineer,9,6/8/2018,2113,engineer,lina89@company.com
90,Salma Bouazizi,UI/UX Designer,10,12/3/2021,2116,engineer,salma90@company.com
91,Youssef Ben Ali,Backend Dev,1,3/2/2020,2168,engineer,youssef91@company.com
92,Samia Khir,QA Engineer,2,2/17/2021,2260,technician,samia92@company.com
93,Amina Mokni,Frontend Dev,3,9/18/2021,1829,secretaire,amina93@company.com
94,Samia Jaziri,DevOps Engineer,4,7/6/2024,2019,secretaire,samia94@company.com
95,Lina Zribi,Mobile Dev,5,11/15/2022,2160,secretaire,lina95@company.com
96,Hichem Zribi,Project Manager,6,9/26/2023,1898,secretaire,hichem96@company.com
97,Yassine Fakhri,Support,7,11/9/2020,1981,technician,yassine97@company.com
98,Hichem Ben Ali,Data Scientist,8,10/31/2023,2475,secretaire,hichem98@company.com
99,Salma Khaldi,Security Engineer,9,11/2/2022,1970,engineer,salma99@company.com
100,Farah Zribi,UI/UX Designer,10,7/9/2021,2331,technician,farah100@company.com
101,Nadir Gharbi,Backend Dev,1,6/20/2021,2404,secretaire,nadir101@company.com
102,Farah Jelassi,QA Engineer,2,4/26/2021,2332,engineer,farah102@company.com
103,Salma Hamdi,Frontend Dev,3,4/2/2022,2491,technician,salma103@company.com
104,Hassan Zribi,DevOps Engineer,4,5/20/2024,2207,technician,hassan104@company.com
105,Noor Ben Ali,Mobile Dev,5,5/29/2021,2107,secretaire,noor105@company.com
106,Hichem Ayadi,Project Manager,6,10/20/2024,2382,secretaire,hichem106@company.com
107,Marwa Bouazizi,Support,7,12/17/2022,2354,secretaire,marwa107@company.com
108,Anis Ben Salah,Data Scientist,8,11/27/2019,2321,technician,anis108@company.com
109,Nadir Gharbi,Security Engineer,9,2/5/2025,2385,technician,nadir109@company.com
110,Mohamed Rezig,UI/UX Designer,10,6/25/2021,1850,engineer,mohamed110@company.com
111,Karim Ben Ali,Backend Dev,1,7/9/2018,1921,engineer,karim111@company.com
112,Sonia Khir,QA Engineer,2,2/9/2023,2294,secretaire,sonia112@company.com
113,Salma Jelassi,Frontend Dev,3,7/18/2023,2124,technician,salma113@company.com
114,Karim Ben Ali,DevOps Engineer,4,3/13/2019,2112,technician,karim114@company.com
115,Hassan Gharbi,Mobile Dev,5,3/18/2023,1942,engineer,hassan115@company.com
116,Youssef Ben Hassen,Project Manager,6,2/13/2023,1918,secretaire,youssef116@company.com
117,Anis Mokni,Support,7,9/4/2024,2226,technician,anis117@company.com
118,Sonia Gharbi,Data Scientist,8,10/14/2022,2414,engineer,sonia118@company.com
119,Hassan Ben Salah,Security Engineer,9,1/18/2023,2126,technician,hassan119@company.com
120,Samia Gharbi,UI/UX Designer,10,6/8/2023,2361,engineer,samia120@company.com
121,Samia Bouazizi,Backend Dev,1,11/14/2018,2373,technician,samia121@company.com
122,Youssef Kallel,QA Engineer,2,10/7/2021,2276,secretaire,youssef122@company.com
123,Mohamed Mansour,Frontend Dev,3,9/10/2019,1898,engineer,mohamed123@company.com
124,Karim Fakhri,DevOps Engineer,4,9/21/2018,2208,technician,karim124@company.com
125,Farah Mokni,Mobile Dev,5,3/24/2023,2031,engineer,farah125@company.com
126,Salma Hamdi,Project Manager,6,5/15/2022,2478,technician,salma126@company.com
127,Ahmed Ayadi,Support,7,4/8/2022,2003,secretaire,ahmed127@company.com
128,Tarek Belhaj,Data Scientist,8,5/17/2022,2275,project_manager,tarek128@company.com
129,Noor Zribi,Security Engineer,9,6/22/2020,2112,manager_team,noor129@company.com
130,Samia Hamdi,UI/UX Designer,10,6/13/2023,1899,engineer,samia130@company.com
131,Farah Jelassi,Backend Dev,1,11/8/2019,2065,secretaire,farah131@company.com
132,Sonia Mokni,QA Engineer,2,4/21/2018,2288,engineer,sonia132@company.com
133,Ahmed Khir,Frontend Dev,3,3/17/2025,2069,engineer,ahmed133@company.com
134,Marwa Jaziri,DevOps Engineer,4,7/25/2018,2194,engineer,marwa134@company.com
135,Farah Fakhri,Mobile Dev,5,2/6/2023,2172,engineer,farah135@company.com
136,Amina Kallel,Project Manager,6,9/23/2022,2041,technician,amina136@company.com
137,Rami Ben Ali,Support,7,1/19/2024,1889,technician,rami137@company.com
138,Youssef Khir,Data Scientist,8,4/23/2025,1993,secretaire,youssef138@company.com
139,Ahmed Rezig,Security Engineer,9,3/27/2020,1959,technician,ahmed139@company.com
140,Karim Rezig,UI/UX Designer,10,6/2/2019,2058,secretaire,karim140@company.com
141,Yassine Fakhri,Backend Dev,1,3/20/2023,2365,secretaire,yassine141@company.com
142,Tarek Jaziri,QA Engineer,2,10/17/2024,2491,secretaire,tarek142@company.com
143,Lina Jaziri,Frontend Dev,3,6/28/2021,1948,engineer,lina143@company.com
144,Ahmed Belhaj,DevOps Engineer,4,6/16/2024,2396,engineer,ahmed144@company.com
145,Amina Fakhri,Mobile Dev,5,11/8/2018,2476,technician,amina145@company.com
146,Youssef Ben Hassen,Project Manager,6,5/20/2021,2453,engineer,youssef146@company.com
147,Lina Ayadi,Support,7,6/18/2018,2272,secretaire,lina147@company.com
148,Hichem Khaldi,Data Scientist,8,10/10/2018,2465,engineer,hichem148@company.com
149,Farah Ben Ali,Security Engineer,9,9/17/2022,2054,technician,farah149@company.com
150,Hichem Khaldi,UI/UX Designer,10,2/16/2025,2078,engineer,hichem150@company.com
151,Hichem Jaziri,Backend Dev,1,11/8/2023,2369,secretaire,hichem151@company.com
152,Sonia Mokni,QA Engineer,2,6/4/2023,2223,technician,sonia152@company.com
153,Yassine Kallel,Frontend Dev,3,8/13/2021,1822,technician,yassine153@company.com
154,Samia Bouazizi,DevOps Engineer,4,9/25/2020,2291,technician,samia154@company.com
155,Sonia Jelassi,Mobile Dev,5,10/9/2021,1926,engineer,sonia155@company.com
156,Farah Jaziri,Project Manager,6,6/21/2023,1890,engineer,farah156@company.com
157,Samia Saidi,Support,7,2/19/2021,2479,engineer,samia157@company.com
158,Samia Mokni,Data Scientist,8,2/11/2018,2348,technician,samia158@company.com
159,Mohamed Rezig,Security Engineer,9,7/23/2022,2284,manager_team,mohamed159@company.com
160,Youssef Ben Salah,UI/UX Designer,10,3/30/2025,2425,secretaire,youssef160@company.com
161,Marwa Ben Ali,Backend Dev,1,1/17/2019,2113,secretaire,marwa161@company.com
162,Amina Rezig,QA Engineer,2,6/8/2021,2448,technician,amina162@company.com
163,Tarek Ben Salah,Frontend Dev,3,3/17/2024,2388,technician,tarek163@company.com
164,Hichem Mokni,DevOps Engineer,4,9/16/2021,2232,engineer,hichem164@company.com
165,Samia Belhaj,Mobile Dev,5,10/26/2020,1830,secretaire,samia165@company.com
166,Salma Saidi,Project Manager,6,5/5/2019,2437,secretaire,salma166@company.com
167,Hassan Fakhri,Support,7,6/5/2020,2423,technician,hassan167@company.com
168,Samia Ayadi,Data Scientist,8,11/19/2023,2372,engineer,samia168@company.com
169,Lina Fakhri,Security Engineer,9,4/28/2021,1892,technician,lina169@company.com
170,Hassan Belhaj,UI/UX Designer,10,2/27/2018,2436,engineer,hassan170@company.com
171,Karim Kallel,Backend Dev,1,7/6/2018,1941,technician,karim171@company.com
172,Nadir Mansour,QA Engineer,2,2/25/2025,2052,technician,nadir172@company.com
173,Ahmed Ayadi,Frontend Dev,3,3/10/2021,2245,technician,ahmed173@company.com
174,Marwa Saidi,DevOps Engineer,4,1/26/2020,1864,engineer,marwa174@company.com
175,Rami Ben Hassen,Mobile Dev,5,9/25/2018,2251,technician,rami175@company.com
176,Mohamed Ayadi,Project Manager,6,1/22/2025,2313,secretaire,mohamed176@company.com
177,Karim Mansour,Support,7,4/24/2024,2043,technician,karim177@company.com
178,Youssef Ben Hassen,Data Scientist,8,4/4/2024,2115,secretaire,youssef178@company.com
179,Anis Jelassi,Security Engineer,9,1/20/2023,2152,secretaire,anis179@company.com
180,Yassine Hamdi,UI/UX Designer,10,6/4/2021,2458,engineer,yassine180@company.com
181,Sara Zribi,Backend Dev,1,2/11/2019,1960,project_manager,sara181@company.com
182,Salma Kallel,QA Engineer,2,11/29/2018,1861,technician,salma182@company.com
183,Hassan Mokni,Frontend Dev,3,11/4/2018,1800,secretaire,hassan183@company.com
184,Hichem Bouazizi,DevOps Engineer,4,8/29/2024,2149,secretaire,hichem184@company.com
185,Sara Rezig,Mobile Dev,5,3/26/2021,2372,engineer,sara185@company.com
186,Marwa Khir,Project Manager,6,8/14/2020,2101,engineer,marwa186@company.com
187,Hichem Ben Hassen,Support,7,2/9/2024,1965,secretaire,hichem187@company.com
188,Karim Kallel,Data Scientist,8,8/6/2019,1815,engineer,karim188@company.com
189,Hassan Belhaj,Security Engineer,9,9/3/2024,2445,engineer,hassan189@company.com
190,Nadir Bouazizi,UI/UX Designer,10,5/25/2019,2155,technician,nadir190@company.com
191,Amina Kallel,Backend Dev,1,8/12/2023,2426,technician,amina191@company.com
192,Marwa Khir,QA Engineer,2,9/15/2024,1910,technician,marwa192@company.com
193,Farah Zribi,Frontend Dev,3,10/22/2020,1823,engineer,farah193@company.com
194,Youssef Ayadi,DevOps Engineer,4,8/1/2024,1995,engineer,youssef194@company.com
195,Samia Ayadi,Mobile Dev,5,6/14/2018,1920,secretaire,samia195@company.com
196,Anis Bouazizi,Project Manager,6,2/13/2021,1949,secretaire,anis196@company.com
197,Hichem Ben Salah,Support,7,1/9/2019,2178,technician,hichem197@company.com
198,Hichem Saidi,Data Scientist,8,8/8/2021,2326,technician,hichem198@company.com
199,Hassan Saidi,Security Engineer,9,8/14/2022,2426,secretaire,hassan199@company.com
200,Nadir Jelassi,UI/UX Designer,10,3/3/2024,1916,project_manager,nadir200@company.com
